number,url,brand
BY.70.06.01.008.E.003254.12.23,https://nsi.eaeunion.org/portal/1995/card/af2a4a47-da46-459d-8403-46ab864bc579?date=2026-02-17,airline
BY.70.06.01.008.E.003438.11.21,https://nsi.eaeunion.org/portal/1995/card/d14ab9bc-7e1a-4a09-8dfa-036683678333?date=2026-02-17,airline
BY.70.06.01.008.E.003439.11.21,https://nsi.eaeunion.org/portal/1995/card/bcaf8169-3647-4c4c-831b-ed8a516e652c?date=2026-02-17,airline
BY.70.06.01.008.E.003440.11.21,https://nsi.eaeunion.org/portal/1995/card/74ba6e8a-4e78-47d6-9f85-64502d6d9e16?date=2026-02-17,airline
BY.70.06.01.008.E.003441.11.21,https://nsi.eaeunion.org/portal/1995/card/4336389c-c80c-49df-87f2-a42e958fc257?date=2026-02-17,airline
BY.70.06.01.008.E.003442.11.21,https://nsi.eaeunion.org/portal/1995/card/cbc223de-813c-4bf3-bc37-bbf9ceed1c33?date=2026-02-17,airline
BY.70.06.01.008.E.003443.11.21,https://nsi.eaeunion.org/portal/1995/card/fa86a154-3ef2-49c9-8c96-bd62bf0e22bb?date=2026-02-17,airline
BY.70.06.01.015.Е.004648.09.13,https://nsi.eaeunion.org/portal/1995/card/452a6d24-e6fc-404f-9c95-e243b543a78a?date=2026-02-17,airline
BY.70.71.01.015.Е.000476.05.15,https://nsi.eaeunion.org/portal/1995/card/106c5ba4-a73b-44fa-90ed-2275645cf35e?date=2026-02-17,airline
KG.11.01.09.008.E.005261.10.24,https://nsi.eaeunion.org/portal/1995/card/4dc6de93-d3ae-4067-8250-8f35d4bf9b06?date=2026-02-16,airline
KG.11.01.09.015.Е.001160.03.20,https://nsi.eaeunion.org/portal/1995/card/6ca2daf3-730d-4f8f-9ac4-0752c7398301?date=2025-08-04,airline
KG.11.01.09.015.Е.001161.03.20,https://nsi.eaeunion.org/portal/1995/card/d4cbac34-730e-456a-b685-acff56359140?date=2025-08-04,airline
KG.11.01.09.015.Е.003625.09.18,https://nsi.eaeunion.org/portal/1995/card/57331740-766d-4f56-a85f-6576df046907?date=2026-02-16,carville racing
KG417/026.NL.02.17550,https://tech.eaeunion.org/tech/registers/35-1/ru/registryList/conformityDocs/view/67a71ec930dcf897c40c9366,marshall
KG417/039.NL.02.02581,https://tech.eaeunion.org/tech/registers/35-1/ru/registryList/conformityDocs/view/67e322b530dcf8300e67d2c4,marshall
KG417/039.NL.02.05924,https://tech.eaeunion.org/tech/registers/35-1/ru/registryList/conformityDocs/view/68bf272c30dcf80626ce3cb2,marshall
RU C-CN.AB29.B.B01715/23,https://pub.fsa.gov.ru/rss/certificate/view/3319260/baseInfo,wellfar
RU C-DEHA96B.026577/22,https://pub.fsa.gov.ru/rss/certificate/view/3178774/baseInfo,auger
RU С-CN.АД58.В.01479_25_TATSUMI_lamps,https://pub.fsa.gov.ru/rss/certificate/view/3569261/baseInfo,tatsumi
RU С-CN.НА72.В.00723_24,https://pub.fsa.gov.ru/rss/certificate/view/3401820/baseInfo,carberry
RU С-DE.АД50.В.04954_22,https://pub.fsa.gov.ru/rss/certificate/view/3133857/baseInfo,
RU С-DE.АД50.В.06269_23,https://pub.fsa.gov.ru/rss/certificate/view/3349307/baseInfo,
RU С-DE.ИШ01.В.00302/24,https://pub.fsa.gov.ru/rss/certificate/view/2853345/product,osram
RU С-DE.ИШ01.В.00303/24,https://pub.fsa.gov.ru/rss/certificate/view/3385986/product,osram
RU С-DE.ИШ01.В.00309/24,https://pub.fsa.gov.ru/rss/certificate/view/3387806/product,osram
RU С-DE.НА46.В.06971_23_ремкомплекты суппорта,https://pub.fsa.gov.ru/rss/certificate/view/3314703/baseInfo,
RU С-JP.АД50.В.04932_22,https://pub.fsa.gov.ru/rss/certificate/view/3131446/baseInfo,tatsumi
RU С-JP.АД50.В.05106_22,https://pub.fsa.gov.ru/rss/certificate/view/3153872/baseInfo,tatsumi
RU С-JP.АД50.В.06656_24,https://pub.fsa.gov.ru/rss/certificate/view/3401944/baseInfo,tatsumi
RU С-JP.АД50.В.07065_24_Glow plugs_Wiper blades,https://pub.fsa.gov.ru/rss/certificate/view/3503040/baseInfo,tatsumi
RU С-JP.НА46.В.06491_23_TATSUMI,https://pub.fsa.gov.ru/rss/certificate/view/3275725/baseInfo,tatsumi
RU.01.РА.02.008.Е.000758.06.21,https://nsi.eaeunion.org/portal/1995/card/fcd5d4ac-1357-4450-90c0-ae3e033b6998?date=2026-02-16,airline
RU.01.РА.02.015.Е.000006.04.24,https://nsi.eaeunion.org/portal/1995/card/a8787cd8-6843-4a84-9d64-92c7f6fdaeb7?date=2026-02-16,airline
RU.01.РА.02.015.Е.000372.10.18,https://nsi.eaeunion.org/portal/1995/card/a2bb3736-ad51-4971-bfbe-0679bcf1db7b?date=2026-02-16,airline
RU.23.КК.08.015.Е.000075.01.18,https://nsi.eaeunion.org/portal/1995/card/18fb2805-4ba0-4359-a939-9c8a596d0c21?date=2026-02-17,airline
RU.54.НС.01.015.Е.001454.12.25,https://nsi.eaeunion.org/portal/1995/card/ae13acad-f81d-45be-ba5d-bab2f5e0845d?date=2026-02-18,airline
RU.67.СО.01.015.Е.000012.06.26,https://nsi.eaeunion.org/portal/1995/card/3b4f5bd5-1b94-4fb7-944f-157d4b706fb9?date=2026-07-24,airline
RU.77.01.34.008.Е.002709.10.22,https://nsi.eaeunion.org/portal/1995/card/b6397d26-66ea-4230-9481-8ad1f83e13ac?date=2026-02-17,carville racing
RU.77.01.34.015.Е.000104.01.25,https://nsi.eaeunion.org/portal/1995/card/38c76925-b060-41d4-8a78-72bb0d6a2330?date=2026-02-16,airline
ЕАЭС BY/112 02.01. ТР018 021.02 00567,https://tsouz.belgiss.by/#!/tsouz/certifs/3224079/view,vag
ЕАЭС BY/112 02.01. ТР018 021.02 00745,https://tsouz.belgiss.by/#!/tsouz/certifs/3417466/view,ford
ЕАЭС KG 417/032.CN.02.02323,https://swis.trade.kg/Doc/f93c107e-95bb-491d-8baa-25b271a17f9c,ombra
ЕАЭС KG 417/043.HK.02.09777,https://swis.trade.kg/Doc/373090fb-ce24-44a6-a203-b298e4c23da6,thorvik
ЕАЭС KG417/016.RU.02.03285,https://swis.trade.kg/Doc/99a430d2-a56f-4523-a707-8748be327ee2,airline
ЕАЭС KG417/016.RU.02.03711,https://swis.trade.kg/Doc/68683466-9bb8-4ea8-87e6-70282f285fef,trialli
ЕАЭС KG417/026.CN.02.18184,https://tech.eaeunion.org/tech/registers/35-1/ru/registryList/conformityDocs/view/67cb4a2230dcf8300e670d80,master kit
ЕАЭС KG417/026.CN.02.18645,https://tech.eaeunion.org/tech/registers/35-1/ru/registryList/conformityDocs/view/67ea9c5c30dcf8300e681dc4,master kit
ЕАЭС KG417/026.CN.02.19346,https://tech.eaeunion.org/tech/registers/35-1/ru/registryList/conformityDocs/view/68380fb130dcf80e6d481418,master kit
ЕАЭС KG417/026.CN.02.20743,https://swis.trade.kg/Doc/19c4638e-d59d-4da2-a3ea-1e349d4e7a5a,hofer
ЕАЭС KG417/026.CN.02.20969,https://swis.trade.kg/Doc/cddc8b6b-2ea9-4eb3-b24b-89124bbf75ad,
ЕАЭС KG417/026.CN.02.21309,http://swis.trade.kg/Doc/a6011ea8-c04a-4e19-b3a7-9b8615d8c6fd,airline
ЕАЭС KG417/026.CN.02.21692,https://swis.trade.kg/Doc/e591824b-9e83-4aac-83b3-9bb92285a679,trialli
ЕАЭС KG417/026.CN.02.21976,https://tech.eaeunion.org/tech/registers/35-1/ru/registryList/conformityDocs/view/6903203930dcf85bfaa9a4ed,master kit
ЕАЭС KG417/026.DE.02.18922,http://swis.trade.kg/Doc/822c755b-1d85-4e6b-bfdd-e6302808cb34,auger
ЕАЭС KG417/026.DE.02.19047,http://swis.trade.kg/Doc/9c9a077c-c572-4260-bab0-58f2770b60d3,auger
ЕАЭС KG417/026.DE.02.20032,https://swis.trade.kg/Doc/40b987c9-2366-47e6-b6a2-eb42b319eb29,bmw
ЕАЭС KG417/026.DE.02.21603,https://swis.trade.kg/Doc/a2b39608-2ebd-49cd-aae2-3a8423026ef4,auger
ЕАЭС KG417/026.DE.02.21670,https://swis.trade.kg/Doc/f5ed0a1f-3229-4a28-8a60-46fb1f5f953e,auger
ЕАЭС KG417/026.DE.02.21682,https://swis.trade.kg/Doc/589dfd8c-a73c-46d3-b9a8-e84416b0daef,auger
ЕАЭС KG417/026.DE.02.21690,https://swis.trade.kg/Doc/0ff805bf-93f9-4886-ba8e-cb0e8900e10b,auger
ЕАЭС KG417/026.ID.02.18935,https://swis.trade.kg/Doc/76dd818a-c9e0-4ae7-928b-efc9a499cdf7,sakura
ЕАЭС KG417/026.IT.02.19225,https://tech.eaeunion.org/tech/registers/35-1/ru/registryList/conformityDocs/view/682dd97c30dcf80e6d47aedf,era
ЕАЭС KG417/026.JP.02.15236,https://swis.trade.kg/Doc/71c77f21-c7c8-4761-93f5-06b15c2de3bb,lynxauto
ЕАЭС KG417/026.TR.02.18407,https://tech.eaeunion.org/tech/registers/35-1/ru/registryList/conformityDocs/view/67d9b05b30dcf8300e677a7e,krafttech
ЕАЭС KG417/026.VG.02.16742,https://swis.trade.kg/Doc/88642dd8-7b3f-495d-b9a4-35af5af7cdcb,nibk
ЕАЭС KG417/026.VG.02.20596,https://swis.trade.kg/Doc/870a08c1-c42b-4e81-8229-803532b7550b,js asakashi
ЕАЭС KG417/039.AE.02.04137,http://swis.trade.kg/Doc/1bb2ac95-267e-48ab-87fa-449ae0c1c067,stellox
ЕАЭС KG417/039.CN.02.03724,https://swis.trade.kg/Doc/42a85d4c-d655-4659-a6c6-95fe40bd5571,amd
ЕАЭС KG417/039.CN.02.05206,https://swis.trade.kg/Doc/a9a23216-8114-4205-9d8a-c6d074d566e6,amd
ЕАЭС KG417/039.CN.02.06511,https://swis.trade.kg/Doc/0ec2a87e-03f1-49d7-8c98-24a0705273af,
ЕАЭС KG417/039.CN.02.06900,https://swis.trade.kg/Doc/83a9c30d-42c9-4487-826a-d472227f9923,amd
ЕАЭС KG417/039.JP.02.03404,https://tech.eaeunion.org/tech/registers/35-1/ru/registryList/conformityDocs/view/680b981b30dcf8dfac91e4e0,azumi
ЕАЭС KG417/039.KR.02.06515,https://swis.trade.kg/Doc/7cf7f1da-817f-4557-8da1-a0efe4926699,gm
ЕАЭС KG417/039.MY.02.00645,https://swis.trade.kg/Doc/84d71081-c9fd-4160-b341-9d702d56852f,brave
ЕАЭС KG417/039.NL.02.0558,https://tech.eaeunion.org/tech/registers/35-1/ru/registryList/conformityDocs/view/68aad83e30dcf80626cd500a,marshall
ЕАЭС KG417/039.RU.02.00706,https://swis.trade.kg/Doc/08e77c00-fa17-4c79-bacc-61a59fb922e0,avtopribor
ЕАЭС KG417/039.RU.02.04560,https://swis.trade.kg/Doc/a0391273-c460-40de-bb32-66fb866312bc,avtopribor
ЕАЭС KG417/039.RU.02.06881,https://swis.trade.kg/Doc/fde2c56b-53b5-466a-95f1-f0c349648eb1,avtopribor
ЕАЭС KG417/039.TH.02.00742,https://tech.eaeunion.org/tech/registers/35-1/ru/registryList/conformityDocs/view/6756bd6530dcf897c409e713,fiestroco
ЕАЭС KG417/039.TH.02.04891,https://swis.trade.kg/Doc/0e6bdfe6-78a5-471e-be8d-ca120717daba,perfect
ЕАЭС KG417/039.UZ.02.06649,https://swis.trade.kg/Doc/5ae7f16d-cf5d-4234-a0c3-76acbcfa1a06,trt
ЕАЭС KG417/039.СN.02.06833,https://swis.trade.kg/Doc/9ff90e00-aa96-42b9-b0ad-46d25b0ad230,
ЕАЭС KG417/042.CN.02.01314,https://swis.trade.kg/Doc/f78dddfa-134b-4f52-9a53-322e5e3adbb0,
ЕАЭС KG417/042.CN.02.05799,https://tech.eaeunion.org/tech/registers/35-1/ru/registryList/conformityDocs/view/69e8952a30dcf85dba12a1cc,master kit
ЕАЭС KG417/042.CN.02.05826,https://tech.eaeunion.org/tech/registers/35-1/ru/registryList/conformityDocs/view/69eb5f8f30dcf8769d991078,master kit
ЕАЭС KG417/042.CN.02.06209,https://tech.eaeunion.org/tech/registers/35-1/ru/registryList/conformityDocs/view/6a05d09130dcf83777e71793,master kit
ЕАЭС KG417/047.CN.02.04043,https://tech.eaeunion.org/tech/registers/35-1/ru/registryList/conformityDocs/view/6903d6e330dcf85bfaa9b1ce,master kit
ЕАЭС KG417_026.JP.02.20255,https://swis.trade.kg/Doc/5d6e36d5-939b-4c1c-ba35-9dbd0dc3667b,tatsumi
ЕАЭС KG417_039.DE.02.04523,https://swis.trade.kg/Doc/50e8e74f-6902-4655-9446-4e6f462fe939,blitz
ЕАЭС KG417_039.JP.02.04978,https://swis.trade.kg/Doc/15362526-b191-407c-9c07-5b23dd2a72fe,tatsumi
ЕАЭС KZ 7500533.01.01.04219,https://195.12.114.232/ktrm/ktrm1OpenedApp.xhtml?id=3780488,avtopribor
ЕАЭС KZ 7500533.01.01.04616,https://tech.eaeunion.org/tech/registers/35-1/ru/registryList/conformityDocs/view/67b8565730dcf80979083596,airline
ЕАЭС KZ 7500533.01.01.04858,https://techreg.gov.kz/index/,amd
ЕАЭС KZ 7500533.01.01.04869,https://techreg.gov.kz/index/,amd
ЕАЭС KZ 7500533.01.01.04876,https://tech.eaeunion.org/tech/registers/35-1/ru/registryList/conformityDocs/view/67d1bd9330dcf8300e673e0b,sb nagamochi
ЕАЭС KZ 7500533.01.01.04908,https://eokno.gov.kz/ktrm/ktrm1OpenedApp.xhtml?id=3801718,trialli
ЕАЭС KZ 7500533.01.01.05060,https://techreg.gov.kz/index/,amd
ЕАЭС KZ 7500533.01.01.05761,https://techreg.gov.kz/index/,amd
ЕАЭС KZ 7500533.01.01.05771,https://techreg.gov.kz/index/,amd
ЕАЭС KZ 7500533.01.01.05772,https://techreg.gov.kz/index/,amd
ЕАЭС KZ 7500533.01.01.06507,https://eokno.gov.kz/ktrm/ktrm1OpenedApp.xhtml?id=3846558,airline
ЕАЭС KZ 7500533.01.01.09120,https://techreg.gov.kz/index/,amd
ЕАЭС KZ 7500533.01.01.09131,https://techreg.gov.kz/index/,amd
ЕАЭС KZ.7500533.01.01.08190,https://tech.eaeunion.org/tech/registers/35-1/ru/registryList/conformityDocs/view/6964ca9630dcf843089ffed3,luzar
ЕАЭС KZ.7500533.01.01.08553,https://tech.eaeunion.org/tech/registers/35-1/ru/registryList/conformityDocs/view/698c867130dcf81018fd1401,airline
ЕАЭС KZ.7500533.01.01.08562,https://techreg.gov.kz/view_contract/?dataUUID=24285134,airline
ЕАЭС KZ.7500533.01.01.08786,https://techreg.gov.kz/view_contract/?dataUUID=24741048,airline
ЕАЭС KZ.7500533.01.01.09160,https://tech.eaeunion.org/tech/registers/35-1/ru/registryList/conformityDocs/view/69c3856130dcf87a5330420c,airline
ЕАЭС KZ.7500533.01.01.10515,https://tech.eaeunion.org/tech/registers/35-1/ru/registryList/conformityDocs/view/6a294d6830dcf83777e9d813,
ЕАЭС KZ.7500533.01.01.11533,https://techreg.gov.kz/index/,
ЕАЭС KZ00533.01.01.04876,,sb nagamochi
ЕАЭС N RU Д-AE.РА05.В.76925/25,https://pub.fsa.gov.ru/rds/declaration/view/20344594/common,
ЕАЭС N RU Д-AE.РА05.В.80716/25,https://pub.fsa.gov.ru/rds/declaration/view/20348789/common,pemco
ЕАЭС N RU Д-AE.РА05.В.80753/25,https://pub.fsa.gov.ru/rds/declaration/view/20348824/common,chempioil
ЕАЭС N RU Д-AE.РА05.В.86632/25,https://pub.fsa.gov.ru/rds/declaration/view/20355082/common,chempioil
ЕАЭС N RU Д-AE.РА05.В.86650/25,https://pub.fsa.gov.ru/rds/declaration/view/20355108/common,pemco
ЕАЭС N RU Д-AE.РА07.В.14179/23,https://pub.fsa.gov.ru/rds/declaration/view/18071612/common,carville racing
ЕАЭС N RU Д-AE.РА07.В.14302/23,https://pub.fsa.gov.ru/rds/declaration/view/18071757/common,carville racing
ЕАЭС N RU Д-AE.РА08.В.05083/24,https://pub.fsa.gov.ru/rds/declaration/view/19333695/common,carville racing
ЕАЭС N RU Д-AE.РА08.В.05853/24,https://pub.fsa.gov.ru/rds/declaration/view/19334529/common,carville racing
ЕАЭС N RU Д-AM.РА03.В.56518/24,https://pub.fsa.gov.ru/rds/declaration/view/18818238/common,airline
ЕАЭС N RU Д-BE.РА03.В.07596/26,https://pub.fsa.gov.ru/rds/declaration/view/21291860/common,bardahl
ЕАЭС N RU Д-BE.РА03.В.43459/24,https://pub.fsa.gov.ru/rds/declaration/view/18803159/common,toyota
ЕАЭС N RU Д-BE.РА05.В.63956/23,https://pub.fsa.gov.ru/rds/declaration/view/17887740/common,mobil
ЕАЭС N RU Д-CN.РА01.В.03639/21,https://pub.fsa.gov.ru/rds/declaration/view/16128494/common,arnezi
ЕАЭС N RU Д-CN.РА01.В.34819/25,https://pub.fsa.gov.ru/rds/declaration/view/19821390/common,airline
ЕАЭС N RU Д-CN.РА01.В.40068/26,https://pub.fsa.gov.ru/rds/declaration/view/21098986/common,airline
ЕАЭС N RU Д-CN.РА01.В.45294/26,https://pub.fsa.gov.ru/rds/declaration/view/21105107/common,airline
ЕАЭС N RU Д-CN.РА01.В.59233/25,https://pub.fsa.gov.ru/rds/declaration/view/19850979/common,arnezi
ЕАЭС N RU Д-CN.РА01.В.84454/26,https://pub.fsa.gov.ru/rds/declaration/view/21150830/common,carville racing
ЕАЭС N RU Д-CN.РА02.В.10816/24,https://pub.fsa.gov.ru/rds/declaration/view/18652963/common,ombra
ЕАЭС N RU Д-CN.РА02.В.37292/24,https://pub.fsa.gov.ru/rds/declaration/view/18684976/common,arnezi
ЕАЭС N RU Д-CN.РА02.В.53407/25,https://pub.fsa.gov.ru/rds/declaration/view/19959745/common,arnezi
ЕАЭС N RU Д-CN.РА03.В.08436/25,https://pub.fsa.gov.ru/rds/declaration/view/20025503/common,airline
ЕАЭС N RU Д-CN.РА03.В.29095/26,https://pub.fsa.gov.ru/rds/declaration/view/21315237/common,airline
ЕАЭС N RU Д-CN.РА04.В.39667/25,https://pub.fsa.gov.ru/rds/declaration/view/20181730/common,carville racing
ЕАЭС N RU Д-CN.РА04.В.54603/25,https://pub.fsa.gov.ru/rds/declaration/view/20198788/common,totachi
ЕАЭС N RU Д-CN.РА04.В.54636/25,https://pub.fsa.gov.ru/rds/declaration/view/20198824/common,totachi
ЕАЭС N RU Д-CN.РА04.В.64615/25,https://pub.fsa.gov.ru/rds/declaration/view/20210911/common,airline
ЕАЭС N RU Д-CN.РА04.В.86319/25,https://pub.fsa.gov.ru/rds/declaration/view/20236482/common,airline
ЕАЭС N RU Д-CN.РА05.В.01367/25,https://pub.fsa.gov.ru/rds/declaration/view/20254393/common,airline
ЕАЭС N RU Д-CN.РА05.В.12127/23,https://pub.fsa.gov.ru/rds/declaration/view/17836030/common,arnezi
ЕАЭС N RU Д-CN.РА05.В.19318/22,https://pub.fsa.gov.ru/rds/declaration/view/16897180/common,airline
ЕАЭС N RU Д-CN.РА05.В.28075/26,https://pub.fsa.gov.ru/rds/declaration/view/21540456/common,arnezi
ЕАЭС N RU Д-CN.РА05.В.89473/25,https://pub.fsa.gov.ru/rds/declaration/view/20358268/common,airline
ЕАЭС N RU Д-CN.РА05.В.98427/26,https://pub.fsa.gov.ru/rds/declaration/view/21619127/common,airline
ЕАЭС N RU Д-CN.РА06.В.06104/25,https://pub.fsa.gov.ru/rds/declaration/view/20375742/common,airline
ЕАЭС N RU Д-CN.РА06.В.06879/26,https://pub.fsa.gov.ru/rds/declaration/view/21628401/common,airline
ЕАЭС N RU Д-CN.РА06.В.26665/22,https://pub.fsa.gov.ru/rds/declaration/view/17005995/product,airline
ЕАЭС N RU Д-CN.РА06.В.46828/23,https://pub.fsa.gov.ru/rds/declaration/view/17992921/common,airline
ЕАЭС N RU Д-CN.РА06.В.47336/24,https://pub.fsa.gov.ru/rds/declaration/view/19154415/common,airline
ЕАЭС N RU Д-CN.РА07.В.52316/25,https://pub.fsa.gov.ru/rds/declaration/view/20532099/common,airline
ЕАЭС N RU Д-CN.РА07.В.52451/23,https://pub.fsa.gov.ru/rds/declaration/view/18112243/common,ombra
ЕАЭС N RU Д-CN.РА08.В.06317/25,https://pub.fsa.gov.ru/rds/declaration/view/20590714/common,airline
ЕАЭС N RU Д-CN.РА08.В.88597/25,https://pub.fsa.gov.ru/rds/declaration/view/20680355/common,amd
ЕАЭС N RU Д-CN.РА08.В.93635/24,https://pub.fsa.gov.ru/rds/declaration/view/19429339/common,arnezi
ЕАЭС N RU Д-DE.РА01.В.36637/26,https://pub.fsa.gov.ru/rds/declaration/view/21095008/common,elring
ЕАЭС N RU Д-DE.РА01.В.36888/26,https://pub.fsa.gov.ru/rds/declaration/view/21095357/common,victor reinz
ЕАЭС N RU Д-DE.РА01.В.37675/26,https://pub.fsa.gov.ru/rds/declaration/view/21096277/common,liqui moly
ЕАЭС N RU Д-DE.РА01.В.38392/26,https://pub.fsa.gov.ru/rds/declaration/view/21097089/common,liqui moly
ЕАЭС N RU Д-DE.РА01.В.39882/26,https://pub.fsa.gov.ru/rds/declaration/view/21098766/common,
ЕАЭС N RU Д-DE.РА01.В.97455/26,https://pub.fsa.gov.ru/rds/declaration/view/21166141/common,liqui moly
ЕАЭС N RU Д-DE.РА02.В.15088/26,https://pub.fsa.gov.ru/rds/declaration/view/21186888/common,liqui moly
ЕАЭС N RU Д-DE.РА02.В.15407/26,https://pub.fsa.gov.ru/rds/declaration/view/21187264/common,liqui moly
ЕАЭС N RU Д-DE.РА02.В.84046/26,https://pub.fsa.gov.ru/rds/declaration/view/21265363/common,bmw
ЕАЭС N RU Д-DE.РА03.В.53687/25,https://pub.fsa.gov.ru/rds/declaration/view/20079424/common,febi
ЕАЭС N RU Д-DE.РА03.В.54235/25,https://pub.fsa.gov.ru/rds/declaration/view/20080090/common,febi
ЕАЭС N RU Д-DE.РА03.В.54919/26,https://pub.fsa.gov.ru/rds/declaration/view/21345555/common,liqui moly
ЕАЭС N RU Д-DE.РА03.В.55043/26,https://pub.fsa.gov.ru/rds/declaration/view/21345706/common,liqui moly
ЕАЭС N RU Д-DE.РА03.В.59541/25,https://pub.fsa.gov.ru/rds/declaration/view/20086421/common,febi
ЕАЭС N RU Д-DE.РА04.В.68827/26,https://pub.fsa.gov.ru/rds/declaration/view/21474175/common,liqui moly
ЕАЭС N RU Д-DE.РА04.В.69045/26,https://pub.fsa.gov.ru/rds/declaration/view/21474405/common,liqui moly
ЕАЭС N RU Д-DE.РА05.В.02994/25,https://pub.fsa.gov.ru/rds/declaration/view/20255660/common,bmw
ЕАЭС N RU Д-DE.РА05.В.53639/26,https://pub.fsa.gov.ru/rds/declaration/view/21569332/common,liqui moly
ЕАЭС N RU Д-DE.РА06.В.28311/26,https://pub.fsa.gov.ru/rds/declaration/view/21652214/common,liqui moly
ЕАЭС N RU Д-DE.РА06.В.72557/26,https://pub.fsa.gov.ru/rds/declaration/view/21701289/common,liqui moly
ЕАЭС N RU Д-DE.РА10.В.34590/24,https://pub.fsa.gov.ru/rds/declaration/view/19586405/common,bmw
ЕАЭС N RU Д-GB.РА12.В.12832/25,https://pub.fsa.gov.ru/rds/declaration/view/21040622/common,land rover
ЕАЭС N RU Д-HK.РА03.В.62577/25,https://pub.fsa.gov.ru/rds/declaration/view/20089946/common,thorvik
ЕАЭС N RU Д-HK.РА03.В.76903/25,https://pub.fsa.gov.ru/rds/declaration/view/20107285/common,thorvik
ЕАЭС N RU Д-JP.РА03.В.56746/26,https://pub.fsa.gov.ru/rds/declaration/view/21347551/common,lynxauto
ЕАЭС N RU Д-JP.РА07.В.22670/24,https://pub.fsa.gov.ru/rds/declaration/view/19238283/common,ngn
ЕАЭС N RU Д-LU.РА03.В.61379/26,https://pub.fsa.gov.ru/rds/declaration/view/21352747/manufacturer,gates
ЕАЭС N RU Д-RU.РА01.В.03313/24,https://pub.fsa.gov.ru/rds/declaration/view/18526638/common,carville racing
ЕАЭС N RU Д-RU.РА01.В.15010/24,https://pub.fsa.gov.ru/rds/declaration/view/18540440/common,trialli
ЕАЭС N RU Д-RU.РА01.В.19952/25,https://pub.fsa.gov.ru/rds/declaration/view/19802754/common,лукойл
ЕАЭС N RU Д-RU.РА01.В.28003/24,https://pub.fsa.gov.ru/rds/declaration/view/18555987/common,лукойл
ЕАЭС N RU Д-RU.РА01.В.28077/24,https://pub.fsa.gov.ru/rds/declaration/view/18556063/common,лукойл
ЕАЭС N RU Д-RU.РА01.В.36104/25,https://pub.fsa.gov.ru/rds/declaration/view/19822980/common,лукойл
ЕАЭС N RU Д-RU.РА01.В.64248/25,https://pub.fsa.gov.ru/rds/declaration/view/19857085/common,лукойл
ЕАЭС N RU Д-RU.РА01.В.67303/25,https://pub.fsa.gov.ru/rds/declaration/view/19861042/common,лукойл
ЕАЭС N RU Д-RU.РА01.В.72179/24,https://pub.fsa.gov.ru/rds/declaration/view/18607285/common,teboil
ЕАЭС N RU Д-RU.РА01.В.74546/25,https://pub.fsa.gov.ru/rds/declaration/view/19869771/common,лукойл
ЕАЭС N RU Д-RU.РА01.В.74689/25,https://pub.fsa.gov.ru/rds/declaration/view/19869952/common,лукойл
ЕАЭС N RU Д-RU.РА01.В.74754/25,https://pub.fsa.gov.ru/rds/declaration/view/19870037/common,лукойл
ЕАЭС N RU Д-RU.РА02.В.06326/24,https://pub.fsa.gov.ru/rds/declaration/view/18647807/common,teboil
ЕАЭС N RU Д-RU.РА02.В.67090/24,https://pub.fsa.gov.ru/rds/declaration/view/18714247/common,лукойл
ЕАЭС N RU Д-RU.РА02.В.76297/22,https://pub.fsa.gov.ru/rds/declaration/view/16638186/common,
ЕАЭС N RU Д-RU.РА03.В.07699/24,https://pub.fsa.gov.ru/rds/declaration/view/18762043/common,teboil
ЕАЭС N RU Д-RU.РА03.В.07734/24,https://pub.fsa.gov.ru/rds/declaration/view/18762076/common,teboil
ЕАЭС N RU Д-RU.РА03.В.28123/26,https://pub.fsa.gov.ru/rds/declaration/view/21315150/common,лукойл
ЕАЭС N RU Д-RU.РА03.В.34512/25,https://pub.fsa.gov.ru/rds/declaration/view/20056574/common,teboil
ЕАЭС N RU Д-RU.РА03.В.34875/24,https://pub.fsa.gov.ru/rds/declaration/view/18792928/common,лукойл
ЕАЭС N RU Д-RU.РА03.В.54260/24,https://pub.fsa.gov.ru/rds/declaration/view/18815536/common,лукойл
ЕАЭС N RU Д-RU.РА03.В.54299/24,https://pub.fsa.gov.ru/rds/declaration/view/18815577/common,лукойл
ЕАЭС N RU Д-RU.РА03.В.54368/24,https://pub.fsa.gov.ru/rds/declaration/view/18815656/common,лукойл
ЕАЭС N RU Д-RU.РА03.В.58020/26,https://pub.fsa.gov.ru/rds/declaration/view/21349017/common,lavr
ЕАЭС N RU Д-RU.РА03.В.72372/26,https://pub.fsa.gov.ru/rds/declaration/view/21365361/common,totachi
ЕАЭС N RU Д-RU.РА03.В.76601/24,https://pub.fsa.gov.ru/rds/declaration/view/18839605/common,лукойл
ЕАЭС N RU Д-RU.РА03.В.79230/26,https://pub.fsa.gov.ru/rds/declaration/view/21373077/common,lavr
ЕАЭС N RU Д-RU.РА03.В.94607/24,https://pub.fsa.gov.ru/rds/declaration/view/18860686/common,airline
ЕАЭС N RU Д-RU.РА04.В.59861/26,https://pub.fsa.gov.ru/rds/declaration/view/21464169/common,totachi
ЕАЭС N RU Д-RU.РА04.В.59903/26,https://pub.fsa.gov.ru/rds/declaration/view/21464209/common,totachi
ЕАЭС N RU Д-RU.РА04.В.63508/26,https://pub.fsa.gov.ru/rds/declaration/view/21468165/common,totachi
ЕАЭС N RU Д-RU.РА04.В.86715/25,https://pub.fsa.gov.ru/rds/declaration/view/20236947/common,лукойл
ЕАЭС N RU Д-RU.РА04.В.90593/25,https://pub.fsa.gov.ru/rds/declaration/view/20241415/common,лукойл
ЕАЭС N RU Д-RU.РА05.В.02543/24,https://pub.fsa.gov.ru/rds/declaration/view/18988906/common,лукойл
ЕАЭС N RU Д-RU.РА05.В.24464/25,https://pub.fsa.gov.ru/rds/declaration/view/20282118/common,luzar
ЕАЭС N RU Д-RU.РА05.В.72738/25,https://pub.fsa.gov.ru/rds/declaration/view/20340364/common,лукойл
ЕАЭС N RU Д-RU.РА05.В.72838/25,https://pub.fsa.gov.ru/rds/declaration/view/20340474/common,лукойл
ЕАЭС N RU Д-RU.РА05.В.72883/25,https://pub.fsa.gov.ru/rds/declaration/view/20340517/common,лукойл
ЕАЭС N RU Д-RU.РА05.В.72917/25,https://pub.fsa.gov.ru/rds/declaration/view/20340565/common,лукойл
ЕАЭС N RU Д-RU.РА05.В.78034/26,https://pub.fsa.gov.ru/rds/declaration/view/21595862/common,lavr
ЕАЭС N RU Д-RU.РА05.В.80317/25,https://pub.fsa.gov.ru/rds/declaration/view/20348300/common,lavr
ЕАЭС N RU Д-RU.РА05.В.81293/25,https://pub.fsa.gov.ru/rds/declaration/view/20349427/common,лукойл
ЕАЭС N RU Д-RU.РА05.В.82332/25,https://pub.fsa.gov.ru/rds/declaration/view/20350540/common,лукойл
ЕАЭС N RU Д-RU.РА05.В.91165/24,https://pub.fsa.gov.ru/rds/declaration/view/19090852/common,airline
ЕАЭС N RU Д-RU.РА05.В.97414/25,https://pub.fsa.gov.ru/rds/declaration/view/20366773/common,lavr
ЕАЭС N RU Д-RU.РА06.В.24845/25,https://pub.fsa.gov.ru/rds/declaration/view/20395635/common,вмпавто
ЕАЭС N RU Д-RU.РА06.В.57651/26,https://pub.fsa.gov.ru/rds/declaration/view/21684913/common,suprotec
ЕАЭС N RU Д-RU.РА06.В.66288/24,https://pub.fsa.gov.ru/rds/declaration/view/19175730/common,airline
ЕАЭС N RU Д-RU.РА06.В.95004/25,https://pub.fsa.gov.ru/rds/declaration/view/20470168/common,teboil
ЕАЭС N RU Д-RU.РА06.В.95123/25,https://pub.fsa.gov.ru/rds/declaration/view/20470297/common,teboil
ЕАЭС N RU Д-RU.РА06.В.95218/25,https://pub.fsa.gov.ru/rds/declaration/view/20470403/common,teboil
ЕАЭС N RU Д-RU.РА07.В.07679/25,https://pub.fsa.gov.ru/rds/declaration/view/20483646/common,teboil
ЕАЭС N RU Д-RU.РА07.В.38399/25,https://pub.fsa.gov.ru/rds/declaration/view/20517137/common,teboil
ЕАЭС N RU Д-RU.РА07.В.50694/24,https://pub.fsa.gov.ru/rds/declaration/view/19269512/common,lavr
ЕАЭС N RU Д-RU.РА07.В.55392/25,https://pub.fsa.gov.ru/rds/declaration/view/20535415/common,lavr
ЕАЭС N RU Д-RU.РА07.В.57205/25,https://pub.fsa.gov.ru/rds/declaration/view/20537429/common,lavr
ЕАЭС N RU Д-RU.РА07.В.57252/25,https://pub.fsa.gov.ru/rds/declaration/view/20537477/common,lavr
ЕАЭС N RU Д-RU.РА07.В.57523/25,https://pub.fsa.gov.ru/rds/declaration/view/20537777/common,lavr
ЕАЭС N RU Д-RU.РА07.В.57552/25,https://pub.fsa.gov.ru/rds/declaration/view/20537810/common,lavr
ЕАЭС N RU Д-RU.РА07.В.57590/25,https://pub.fsa.gov.ru/rds/declaration/view/20537850/common,lavr
ЕАЭС N RU Д-RU.РА07.В.61495/25,https://pub.fsa.gov.ru/rds/declaration/view/20542301/common,lavr
ЕАЭС N RU Д-RU.РА07.В.61498/25,https://pub.fsa.gov.ru/rds/declaration/view/20542305/common,lavr
ЕАЭС N RU Д-RU.РА07.В.61507/25,https://pub.fsa.gov.ru/rds/declaration/view/20542313/common,lavr
ЕАЭС N RU Д-RU.РА07.В.75850/25,https://pub.fsa.gov.ru/rds/declaration/view/20558048/common,лукойл
ЕАЭС N RU Д-RU.РА07.В.75924/25,https://pub.fsa.gov.ru/rds/declaration/view/20558125/common,лукойл
ЕАЭС N RU Д-RU.РА07.В.76039/25,https://pub.fsa.gov.ru/rds/declaration/view/20558244/common,лукойл
ЕАЭС N RU Д-RU.РА07.В.89186/25,https://pub.fsa.gov.ru/rds/declaration/view/20572466/common,лукойл
ЕАЭС N RU Д-RU.РА07.В.89402/25,https://pub.fsa.gov.ru/rds/declaration/view/20572702/common,лукойл
ЕАЭС N RU Д-RU.РА07.В.91550/23,https://pub.fsa.gov.ru/rds/declaration/view/18155363/common,lavr
ЕАЭС N RU Д-RU.РА07.В.93607/23,https://pub.fsa.gov.ru/rds/declaration/view/18157996/common,grass
ЕАЭС N RU Д-RU.РА08.В.09637/25,https://pub.fsa.gov.ru/rds/declaration/view/20594308/common,лукойл
ЕАЭС N RU Д-RU.РА08.В.11230/24,https://pub.fsa.gov.ru/rds/declaration/view/19340114/common,lavr
ЕАЭС N RU Д-RU.РА08.В.45426/25,https://pub.fsa.gov.ru/rds/declaration/view/20633070/common,лукойл
ЕАЭС N RU Д-RU.РА08.В.68461/23,https://pub.fsa.gov.ru/rds/declaration/view/18239968/common,teboil
ЕАЭС N RU Д-RU.РА08.В.81077/25,https://pub.fsa.gov.ru/rds/declaration/view/20672231/common,teboil
ЕАЭС N RU Д-RU.РА08.В.81205/25,https://pub.fsa.gov.ru/rds/declaration/view/20672369/common,teboil
ЕАЭС N RU Д-RU.РА09.В.47185/25,https://pub.fsa.gov.ru/rds/declaration/view/20744078/common,лукойл
ЕАЭС N RU Д-RU.РА09.В.78159/24,https://pub.fsa.gov.ru/rds/declaration/view/19523024/common,totachi
ЕАЭС N RU Д-RU.РА09.В.80883/24,https://pub.fsa.gov.ru/rds/declaration/view/19526027/common,лукойл
ЕАЭС N RU Д-RU.РА09.В.81155/24,https://pub.fsa.gov.ru/rds/declaration/view/19526331/common,лукойл
ЕАЭС N RU Д-RU.РА09.В.81266/24,https://pub.fsa.gov.ru/rds/declaration/view/19526444/common,лукойл
ЕАЭС N RU Д-RU.РА09.В.87207/25,https://pub.fsa.gov.ru/rds/declaration/view/20788348/common,airline
ЕАЭС N RU Д-RU.РА10.В.01066/23,https://pub.fsa.gov.ru/rds/declaration/view/18390212/common,teboil
ЕАЭС N RU Д-RU.РА10.В.06478/23,https://pub.fsa.gov.ru/rds/declaration/view/18396589/common,gazpromneft
ЕАЭС N RU Д-RU.РА10.В.43716/23,https://pub.fsa.gov.ru/rds/declaration/view/18438532/common,лукойл
ЕАЭС N RU Д-RU.РА10.В.45306/24,https://pub.fsa.gov.ru/rds/declaration/view/19598685/common,лукойл
ЕАЭС N RU Д-RU.РА11.В.03181/23,https://pub.fsa.gov.ru/rds/declaration/view/18504060/common,suprotec
ЕАЭС N RU Д-RU.РА11.В.06571/24,https://pub.fsa.gov.ru/rds/declaration/view/19668226/common,airline
ЕАЭС N RU Д-RU.РА11.В.44298/24,https://pub.fsa.gov.ru/rds/declaration/view/19711747/common,totachi
ЕАЭС N RU Д-RU.РА11.В.91837/25,https://pub.fsa.gov.ru/rds/declaration/view/21017537/common,carville racing
ЕАЭС N RU Д-TW.РА01.В.81075/21,https://pub.fsa.gov.ru/rds/declaration/view/15785018/common,jonnesway
ЕАЭС RU С-AE.АД50.В.06996/24,https://pub.fsa.gov.ru/rss/certificate/view/3493681/baseInfo,stellox
ЕАЭС RU С-AE.НА72.В.00863/24,https://pub.fsa.gov.ru/rss/certificate/view/3425043/baseInfo,
ЕАЭС RU С-AE.НА72.В.00866/24,https://pub.fsa.gov.ru/rss/certificate/view/3425364/baseInfo,
ЕАЭС RU С-AE.НА72.В.00905/24,https://pub.fsa.gov.ru/rss/certificate/view/3431036/baseInfo,
ЕАЭС RU С-AE.НА72.В.00906/24,https://pub.fsa.gov.ru/rss/certificate/view/3431377/baseInfo,
ЕАЭС RU С-BE.АД50.В.05413/23,https://pub.fsa.gov.ru/rss/certificate/view/3212221/baseInfo,
ЕАЭС RU С-BE.АД50.В.05655/23,https://pub.fsa.gov.ru/rss/certificate/view/3254282/baseInfo,monroe
ЕАЭС RU С-BE.НА72.В.01061/24,https://pub.fsa.gov.ru/rss/certificate/view/3462787/baseInfo,sidem
ЕАЭС RU С-CN.АБ53.В.02891/21,https://pub.fsa.gov.ru/rss/certificate/view/3018258/baseInfo,airline
ЕАЭС RU С-CN.АВ29.В.01549/23,https://pub.fsa.gov.ru/rss/certificate/view/3296040/baseInfo,
ЕАЭС RU С-CN.АВ29.В.01706/23,https://pub.fsa.gov.ru/rss/certificate/view/3318326/baseInfo,trialli
ЕАЭС RU С-CN.АВ29.В.02023/24,https://pub.fsa.gov.ru/rss/certificate/view/3372667/baseInfo,airline
ЕАЭС RU С-CN.АВ29.В.02492/24,https://pub.fsa.gov.ru/rss/certificate/view/3519590/baseInfo,
ЕАЭС RU С-CN.АВ29.В.02495/24,https://pub.fsa.gov.ru/rss/certificate/view/3520095/baseInfo,amd
ЕАЭС RU С-CN.АВ29.В.02582/24,https://pub.fsa.gov.ru/rss/certificate/view/3530655/baseInfo,amd
ЕАЭС RU С-CN.АГ21.В.03174/25,https://pub.fsa.gov.ru/rss/certificate/view/3593198/baseInfo,airline
ЕАЭС RU С-CN.АГ21.В.03176/25,https://pub.fsa.gov.ru/rss/certificate/view/3593472/baseInfo,airline
ЕАЭС RU С-CN.АГ21.В.03177/25,https://pub.fsa.gov.ru/rss/certificate/view/3593476/baseInfo,airline
ЕАЭС RU С-CN.АД07.В.06015/23,https://pub.fsa.gov.ru/rss/certificate/view/3282596/baseInfo,united motors
ЕАЭС RU С-CN.АД07.В.06027/23,https://pub.fsa.gov.ru/rss/certificate/view/3289243/baseInfo,transmaster
ЕАЭС RU С-CN.АД07.В.06108/23,https://pub.fsa.gov.ru/rss/certificate/view/3339270/baseInfo,g-autoparts
ЕАЭС RU С-CN.АД50.В.02958/20,https://pub.fsa.gov.ru/rss/certificate/view/2755277/product,deqst
ЕАЭС RU С-CN.АД50.В.03498/21,https://pub.fsa.gov.ru/rss/certificate/view/2838190/baseInfo,stellox
ЕАЭС RU С-CN.АД50.В.04897/22,https://pub.fsa.gov.ru/rss/certificate/view/3125741/baseInfo,stellox
ЕАЭС RU С-CN.АД50.В.05083/22,https://tech.eaeunion.org/tech/registers/35-1/ru/registryList/conformityDocs/view/633d97a7fb44f110e400361d,master kit
ЕАЭС RU С-CN.АД50.В.05103/22,https://pub.fsa.gov.ru/rss/certificate/view/3153729/baseInfo,jeenice
ЕАЭС RU С-CN.АД50.В.05204/22,https://pub.fsa.gov.ru/rss/certificate/view/3168127/certificationAuthority,master kit
ЕАЭС RU С-CN.АД50.В.05226/22,https://pub.fsa.gov.ru/rss/certificate/view/3174339/baseInfo,geely
ЕАЭС RU С-CN.АД50.В.05272/22,https://pub.fsa.gov.ru/rss/certificate/view/3182992/baseInfo,djb
ЕАЭС RU С-CN.АД50.В.05314/22,https://pub.fsa.gov.ru/rss/certificate/view/3190415/baseInfo,transmaster
ЕАЭС RU С-CN.АД50.В.05630/23,https://pub.fsa.gov.ru/rss/certificate/view/3249601/baseInfo,inko
ЕАЭС RU С-CN.АД50.В.05676/23,https://pub.fsa.gov.ru/rss/certificate/view/3255906/baseInfo,amd
ЕАЭС RU С-CN.АД50.В.05746/23,https://pub.fsa.gov.ru/rss/certificate/view/3270471/baseInfo,ganz
ЕАЭС RU С-CN.АД50.В.06130/23,https://pub.fsa.gov.ru/rss/certificate/view/3331262/baseInfo,lavr
ЕАЭС RU С-CN.АД50.В.06259/23,https://pub.fsa.gov.ru/rss/certificate/view/3348645/baseInfo,metaco
ЕАЭС RU С-CN.АД50.В.06261/23,https://pub.fsa.gov.ru/rss/certificate/view/3348679/baseInfo,metaco
ЕАЭС RU С-CN.АД50.В.06527/24,https://pub.fsa.gov.ru/rss/certificate/view/3381842/baseInfo,ledo
ЕАЭС RU С-CN.АД50.В.06629/24,https://pub.fsa.gov.ru/rss/certificate/view/3397144/baseInfo,amd
ЕАЭС RU С-CN.АД50.В.06953/24,https://pub.fsa.gov.ru/rss/certificate/view/3486514/baseInfo,avtopribor
ЕАЭС RU С-CN.АД50.В.07030/24,https://pub.fsa.gov.ru/rss/certificate/view/3499753/baseInfo,amd
ЕАЭС RU С-CN.АД58.В.01079/25,https://pub.fsa.gov.ru/rss/certificate/view/3553519/baseInfo,ganz
ЕАЭС RU С-CN.АД58.В.01112/25,https://pub.fsa.gov.ru/rss/certificate/view/3555340/baseInfo,arnezi
ЕАЭС RU С-CN.АД58.В.01275/25,https://pub.fsa.gov.ru/rss/certificate/view/3562336/baseInfo,trialli
ЕАЭС RU С-CN.АД58.В.01699/25,https://pub.fsa.gov.ru/rss/certificate/view/3578893/baseInfo,airline
ЕАЭС RU С-CN.АД58.В.01928/25,https://pub.fsa.gov.ru/rss/certificate/view/3587877/baseInfo,trialli
ЕАЭС RU С-CN.АД58.В.01960/25,https://pub.fsa.gov.ru/rss/certificate/view/3590085/baseInfo,ganz
ЕАЭС RU С-CN.АД58.В.02715/25,https://pub.fsa.gov.ru/rss/certificate/view/3625151/baseInfo,airline
ЕАЭС RU С-CN.АД58.В.02878/25,https://pub.fsa.gov.ru/rss/certificate/view/3632790/baseInfo,haval/gwm
ЕАЭС RU С-CN.АД58.В.03326/26,https://pub.fsa.gov.ru/rss/certificate/view/3651860/baseInfo,точка опоры
ЕАЭС RU С-CN.НА46.В.01770/21,https://pub.fsa.gov.ru/rss/certificate/view/2963785/baseInfo,airline
ЕАЭС RU С-CN.НА46.В.01771/21,https://pub.fsa.gov.ru/rss/certificate/view/2964047/baseInfo,airline
ЕАЭС RU С-CN.НА46.В.04565/22,https://tech.eaeunion.org/tech/registers/35-1/ru/registryList/conformityDocs/view/632b08b2fb44f110e4ff864d,master kit
ЕАЭС RU С-CN.НА46.В.06845/23,https://pub.fsa.gov.ru/rss/certificate/view/3303985/baseInfo,airline
ЕАЭС RU С-CN.НА46.В.07282/23,https://pub.fsa.gov.ru/rss/certificate/view/3336458/baseInfo,
ЕАЭС RU С-CN.НА72.В.00129/21,https://pub.fsa.gov.ru/rss/certificate/view/2986637/baseInfo,at
ЕАЭС RU С-CN.НА72.В.00732/24,https://pub.fsa.gov.ru/rss/certificate/view/3405921/baseInfo,transmaster
ЕАЭС RU С-CN.НА72.В.00734/24,https://pub.fsa.gov.ru/rss/certificate/view/3406735/baseInfo,ganz
ЕАЭС RU С-CN.НА72.В.00765/24,https://pub.fsa.gov.ru/rss/certificate/view/3411600/baseInfo,ganz
ЕАЭС RU С-CN.НА72.В.00801/24,https://pub.fsa.gov.ru/rss/certificate/view/3415256/baseInfo,airline
ЕАЭС RU С-CN.НА72.В.00978/24,https://pub.fsa.gov.ru/rss/certificate/view/3442769/baseInfo,ganz
ЕАЭС RU С-CN.НА72.В.00998/24,https://pub.fsa.gov.ru/rss/certificate/view/3447916/baseInfo,amd
ЕАЭС RU С-CN.НА72.В.01049/24,https://pub.fsa.gov.ru/rss/certificate/view/3460062/baseInfo,ganz
ЕАЭС RU С-CN.НА72.В.01105/24,https://pub.fsa.gov.ru/rss/certificate/view/3469594/baseInfo,metaco
ЕАЭС RU С-CN.НА72.В.01106/24,https://pub.fsa.gov.ru/rss/certificate/view/3469623/baseInfo,metaco
ЕАЭС RU С-CN.НА72.В.01109/24,https://pub.fsa.gov.ru/rss/certificate/view/3469791/baseInfo,metaco
ЕАЭС RU С-CN.НА72.В.01112/24,https://pub.fsa.gov.ru/rss/certificate/view/3470038/baseInfo,metaco
ЕАЭС RU С-CN.НА72.В.01175/24,https://pub.fsa.gov.ru/rss/certificate/view/3488659/baseInfo,avtopribor
ЕАЭС RU С-CN.НА72.В.01176/24,https://pub.fsa.gov.ru/rss/certificate/view/3488778/baseInfo,metaco
ЕАЭС RU С-CN.НА72.В.01201/24,https://pub.fsa.gov.ru/rss/certificate/view/3495602/baseInfo,avtopribor
ЕАЭС RU С-CN.НА72.В.01254/24,https://pub.fsa.gov.ru/rss/certificate/view/3507400/baseInfo,airline
ЕАЭС RU С-CN.НА83.В.01736/22,https://pub.fsa.gov.ru/rss/certificate/view/3064051/baseInfo,avs
ЕАЭС RU С-CN.НА90.В.00617/26,https://pub.fsa.gov.ru/rss/certificate/view/3688617/baseInfo,febest
ЕАЭС RU С-CN.НА90.В.00774/26,https://pub.fsa.gov.ru/rss/certificate/view/3693296/baseInfo,amd
ЕАЭС RU С-CN.НА96.В.01002/21,https://pub.fsa.gov.ru/rss/certificate/view/2929413/product,deqst
ЕАЭС RU С-CN.НА96.В.02398/22,https://pub.fsa.gov.ru/rss/certificate/view/3139287/baseInfo,
ЕАЭС RU С-CN.НА96.В.02562/22,https://pub.fsa.gov.ru/rss/certificate/view/3164615/baseInfo,zf russia
ЕАЭС RU С-CN.НА96.В.02744/22,https://pub.fsa.gov.ru/rss/certificate/view/3191351/baseInfo,zf russia
ЕАЭС RU С-CN.НА96.В.02813/23,https://pub.fsa.gov.ru/rss/certificate/view/3204423/baseInfo,startvolt
ЕАЭС RU С-CN.НА96.В.03005/23,https://pub.fsa.gov.ru/rss/certificate/view/3229176/baseInfo,carville racing
ЕАЭС RU С-CN.НА96.В.03028/23,https://pub.fsa.gov.ru/rss/certificate/view/3231218/baseInfo,airline
ЕАЭС RU С-CN.НА96.В.03510/23,https://pub.fsa.gov.ru/rss/certificate/view/3364522/baseInfo,amd
ЕАЭС RU С-CN.НА96.В.03561/23,https://pub.fsa.gov.ru/rss/certificate/view/3370361/baseInfo,amd
ЕАЭС RU С-CN.НА96.В.03701/24,https://pub.fsa.gov.ru/rss/certificate/view/3400963/baseInfo,sensen
ЕАЭС RU С-CN.НА96.В.03869/24,https://pub.fsa.gov.ru/rss/certificate/view/3430965/baseInfo,
ЕАЭС RU С-CN.НА96.В.03927/24,https://pub.fsa.gov.ru/rss/certificate/view/3444841/baseInfo,delcoparts
ЕАЭС RU С-CN.НА96.В.03929/24,https://pub.fsa.gov.ru/rss/certificate/view/3445946/baseInfo,trialli
ЕАЭС RU С-CN.НА96.В.03945/24,https://pub.fsa.gov.ru/rss/certificate/view/3447956/baseInfo,amd
ЕАЭС RU С-CN.НА96.В.04001/24,https://pub.fsa.gov.ru/rss/certificate/view/3455230/baseInfo,amd
ЕАЭС RU С-CN.НА96.В.04020/24,https://pub.fsa.gov.ru/rss/certificate/view/3457985/baseInfo,amd
ЕАЭС RU С-CN.НА96.В.04078/24,https://pub.fsa.gov.ru/rss/certificate/view/3464531/baseInfo,
ЕАЭС RU С-CN.НА96.В.04141/24,https://pub.fsa.gov.ru/rss/certificate/view/3471587/baseInfo,
ЕАЭС RU С-CN.НА96.В.04219/24,https://tech.eaeunion.org/tech/registers/35-1/ru/registryList/conformityDocs/view/66bdcd1d30dcf805187edc8b,master kit
ЕАЭС RU С-CN.НА96.В.04306/24,https://pub.fsa.gov.ru/rss/certificate/view/3490341/baseInfo,delcoparts
ЕАЭС RU С-CN.НА96.В.04348/24,https://pub.fsa.gov.ru/rss/certificate/view/3494243/baseInfo,
ЕАЭС RU С-CN.НА96.В.04564/24,https://pub.fsa.gov.ru/rss/certificate/view/3536361/baseInfo,startvolt
ЕАЭС RU С-CN.НВ07.В.00866/23,https://pub.fsa.gov.ru/rss/certificate/view/3288575/baseInfo,chery/exeed
ЕАЭС RU С-CN.НВ12.В.00854/24,https://pub.fsa.gov.ru/rss/certificate/view/3412211/baseInfo,arnezi
ЕАЭС RU С-CN.НВ12.В.01531/24,https://pub.fsa.gov.ru/rss/certificate/view/3458950/baseInfo,airline
ЕАЭС RU С-CN.ПФ02.В.06333/22,https://pub.fsa.gov.ru/rss/certificate/view/3188823/baseInfo,airline
ЕАЭС RU С-CN.СП28.В.03990/25,https://pub.fsa.gov.ru/rss/certificate/view/3619610/baseInfo,airline
ЕАЭС RU С-CZ.АД58.В.03075/26,https://pub.fsa.gov.ru/rss/certificate/view/3639763/baseInfo,bosal
ЕАЭС RU С-DE.АБ58.В.02650/23,https://pub.fsa.gov.ru/rss/certificate/view/3198777/baseInfo,victor reinz
ЕАЭС RU С-DE.АД07.В.05145/22,https://pub.fsa.gov.ru/rss/certificate/view/3158469/baseInfo,
ЕАЭС RU С-DE.АД50.В.04871/22,https://pub.fsa.gov.ru/rss/certificate/view/3118606/baseInfo,
ЕАЭС RU С-DE.АД50.В.04893/22,https://pub.fsa.gov.ru/rss/certificate/view/3124831/baseInfo,continental
ЕАЭС RU С-DE.АД50.В.05317/23,https://pub.fsa.gov.ru/rss/certificate/view/3191709/baseInfo,textar
ЕАЭС RU С-DE.АД50.В.05368/23,https://pub.fsa.gov.ru/rss/certificate/view/3201238/baseInfo,bosch
ЕАЭС RU С-DE.АД50.В.05576/23,https://pub.fsa.gov.ru/rss/certificate/view/3240306/baseInfo,luk
ЕАЭС RU С-DE.АД50.В.05629/23,https://pub.fsa.gov.ru/rss/certificate/view/3249489/baseInfo,fag
ЕАЭС RU С-DE.АД50.В.06598/24,https://pub.fsa.gov.ru/rss/certificate/view/3393375/baseInfo,mann
ЕАЭС RU С-DE.АД50.В.06661/24,https://pub.fsa.gov.ru/rss/certificate/view/3403137/baseInfo,ate
ЕАЭС RU С-DE.АД50.В.06685/24,https://pub.fsa.gov.ru/rss/certificate/view/3414062/baseInfo,
ЕАЭС RU С-DE.АД58.В.03583/26,https://pub.fsa.gov.ru/rss/certificate/view/3665129/baseInfo,corteco
ЕАЭС RU С-DE.АД58.В.03735/26,https://pub.fsa.gov.ru/rss/certificate/view/3673651/baseInfo,victor reinz
ЕАЭС RU С-DE.АЯ04.В.00725/23,https://pub.fsa.gov.ru/rss/certificate/view/3216872/baseInfo,mercedes
ЕАЭС RU С-DE.ИШ01.В.00148/21,https://pub.fsa.gov.ru/rss/certificate/view/2853345/product,osram
ЕАЭС RU С-DE.ИШ01.В.00303/24,https://pub.fsa.gov.ru/rss/certificate/view/3385986/product,osram
ЕАЭС RU С-DE.ИШ01.В.00309/24,https://pub.fsa.gov.ru/rss/certificate/view/3387806/product,osram
ЕАЭС RU С-DE.НА46.В.05191/22,https://pub.fsa.gov.ru/rss/certificate/view/3178473/baseInfo,
ЕАЭС RU С-DE.НА72.В.00792/24,https://pub.fsa.gov.ru/rss/certificate/view/3414272/baseInfo,finwhale
ЕАЭС RU С-DE.НА72.В.01155/24,https://pub.fsa.gov.ru/rss/certificate/view/3482538/certificate,autowelt
ЕАЭС RU С-DE.НА72.В.01239/24,https://pub.fsa.gov.ru/rss/certificate/view/3504513/baseInfo,
ЕАЭС RU С-DE.НА96.В.00836/21,https://pub.fsa.gov.ru/rss/certificate/view/2895798/baseInfo,bosch
ЕАЭС RU С-DE.НА96.В.03408/23,https://pub.fsa.gov.ru/rss/certificate/view/3355646/baseInfo,
ЕАЭС RU С-DE.НА96.В.03812/24,https://pub.fsa.gov.ru/rss/certificate/view/3420983/baseInfo,alca
ЕАЭС RU С-DE.НА96.В.03868/24,https://pub.fsa.gov.ru/rss/certificate/view/3430904/baseInfo,mann
ЕАЭС RU С-EE.АД07.В.05739/23,https://pub.fsa.gov.ru/rss/certificate/view/3238255/baseInfo,
ЕАЭС RU С-ES.АД50.В.06186/23,https://pub.fsa.gov.ru/rss/certificate/view/3341480/baseInfo,gkn-lobro
ЕАЭС RU С-FR.АД58.В.00872/24,https://pub.fsa.gov.ru/rss/certificate/view/3539792/baseInfo,renault
ЕАЭС RU С-FR.АД58.В.02248/25,https://pub.fsa.gov.ru/rss/certificate/view/3601776/baseInfo,
ЕАЭС RU С-FR.НА46.В.06371/23,https://pub.fsa.gov.ru/rss/certificate/view/3265716/baseInfo,
ЕАЭС RU С-FR.НА46.В.06787/23,https://pub.fsa.gov.ru/rss/certificate/view/3299470/baseInfo,nissan
ЕАЭС RU С-FR.НВ07.В.00986/24,https://pub.fsa.gov.ru/rss/certificate/view/3487678/baseInfo,citroen/peugeot
ЕАЭС RU С-FR.НВ07.В.01034/25,https://pub.fsa.gov.ru/rss/certificate/view/3618062/baseInfo,citroen/peugeot
ЕАЭС RU С-HK.АД50.В.05722/23,https://pub.fsa.gov.ru/rss/certificate/view/3265973/baseInfo,kraft
ЕАЭС RU С-HK.АД58.В.02654/25,https://pub.fsa.gov.ru/rss/certificate/view/3621175/baseInfo,allied nippon
ЕАЭС RU С-HK.НА72.В.00480/23,https://pub.fsa.gov.ru/rss/certificate/view/3278595/baseInfo,
ЕАЭС RU С-HK.НА96.В.03646/24,https://pub.fsa.gov.ru/rss/certificate/view/3390053/baseInfo,bm
ЕАЭС RU С-HK.НА96.В.04115/24,https://pub.fsa.gov.ru/rss/certificate/view/3469574/product,deppul
ЕАЭС RU С-IN.АД50.В.06637/24,https://pub.fsa.gov.ru/rss/certificate/view/3398445/baseInfo,trialli
ЕАЭС RU С-IT.НА72.В.01205/24,https://pub.fsa.gov.ru/rss/certificate/view/3496609/baseInfo,avtopribor
ЕАЭС RU С-IT.НА96.В.00978/21,https://pub.fsa.gov.ru/rss/certificate/view/2928567/baseInfo,brembo
ЕАЭС RU С-IT.НА96.В.03243/23,https://pub.fsa.gov.ru/rss/certificate/view/3321557/baseInfo,brembo
ЕАЭС RU С-IT.НА96.В.03506/23,https://pub.fsa.gov.ru/rss/certificate/view/3363960/baseInfo,dayco
ЕАЭС RU С-IT.НА96.В.03756/24,https://pub.fsa.gov.ru/rss/certificate/view/3413155,meat&doria
ЕАЭС RU С-JP.АД50.В.03176/20,https://pub.fsa.gov.ru/rss/certificate/view/2781148/baseInfo,advics
ЕАЭС RU С-JP.АД50.В.04977/22,https://pub.fsa.gov.ru/rss/certificate/view/3136195/baseInfo,lynxauto
ЕАЭС RU С-JP.АД50.В.05948/23,https://pub.fsa.gov.ru/rss/certificate/view/3301694/baseInfo,lynxauto
ЕАЭС RU С-JP.АД58.В.00683/24,https://pub.fsa.gov.ru/rss/certificate/view/3529023/baseInfo,lynxauto
ЕАЭС RU С-JP.АД58.В.01013/25,https://pub.fsa.gov.ru/rss/certificate/view/3549405/baseInfo,tatsumi
ЕАЭС RU С-JP.АД58.В.02319/25,https://pub.fsa.gov.ru/rss/certificate/view/3603743/baseInfo,gmb
ЕАЭС RU С-JP.АД58.В.02616/25,https://pub.fsa.gov.ru/rss/certificate/view/3618023/baseInfo,lynxauto
ЕАЭС RU С-JP.МТ25.В.06192/23,https://pub.fsa.gov.ru/rss/certificate/view/3329912/baseInfo,mazda
ЕАЭС RU С-JP.МТ25.В.06297/24,https://pub.fsa.gov.ru/rss/certificate/view/3356218/baseInfo,subaru
ЕАЭС RU С-JP.МТ25.В.08147/25,https://pub.fsa.gov.ru/rss/certificate/view/3616592/baseInfo,suzuki
ЕАЭС RU С-JP.НА72.В.00481/23,https://pub.fsa.gov.ru/rss/certificate/view/3278681/baseInfo,denso
ЕАЭС RU С-JP.НА72.В.00502/23,https://pub.fsa.gov.ru/rss/certificate/view/3288665/baseInfo,nsk
ЕАЭС RU С-JP.НА72.В.00981/24,https://pub.fsa.gov.ru/rss/certificate/view/3443557/baseInfo,lynxauto
ЕАЭС RU С-JP.НА90.В.00615/26,https://pub.fsa.gov.ru/rss/certificate/view/3688589/certificate,jikiu
ЕАЭС RU С-JP.НА96.В.03081/23,https://pub.fsa.gov.ru/rss/certificate/view/3241923/baseInfo,lynxauto
ЕАЭС RU С-JP.НА96.В.03123/23,https://pub.fsa.gov.ru/rss/certificate/view/3248216/baseInfo,lynxauto
ЕАЭС RU С-JP.НА96.В.03194/23,https://pub.fsa.gov.ru/rss/certificate/view/3312278/baseInfo,lynxauto
ЕАЭС RU С-JP.НА96.В.03809/24,https://pub.fsa.gov.ru/rss/certificate/view/3419681/baseInfo,lynxauto
ЕАЭС RU С-JP.НА96.В.04578/24,https://pub.fsa.gov.ru/rss/certificate/view/3541375/baseInfo,lynxauto
ЕАЭС RU С-JP.НВ07.В.01006/25,https://pub.fsa.gov.ru/rss/certificate/view/3566564/baseInfo,honda
ЕАЭС RU С-KR.АД07.В.05039/22,https://pub.fsa.gov.ru/rss/certificate/view/3143079/baseInfo,parts-mall
ЕАЭС RU С-KR.АД07.В.05768/23,https://pub.fsa.gov.ru/rss/certificate/view/3241915/baseInfo,
ЕАЭС RU С-KR.АД50.В.05395/23,https://pub.fsa.gov.ru/rss/certificate/view/3209006/baseInfo,
ЕАЭС RU С-KR.АД50.В.06116/23,https://pub.fsa.gov.ru/rss/certificate/view/3329457/baseInfo,sangsin
ЕАЭС RU С-KR.АД50.В.06633/24,https://pub.fsa.gov.ru/rss/certificate/view/3397583/baseInfo,ctr
ЕАЭС RU С-KR.АД58.В.01800/25,https://pub.fsa.gov.ru/rss/certificate/view/3582258/baseInfo,ctr
ЕАЭС RU С-KR.АД58.В.02106/25,https://pub.fsa.gov.ru/rss/certificate/view/3596900/baseInfo,ctr
ЕАЭС RU С-KR.НВ07.В.00743/22,https://pub.fsa.gov.ru/rss/certificate/view/3181987/baseInfo,hyundai/kia
ЕАЭС RU С-LU.АД50.В.04859/22,https://pub.fsa.gov.ru/rss/certificate/view/3116169/baseInfo,gates
ЕАЭС RU С-NL.АД07.В.05493/23,https://pub.fsa.gov.ru/rss/certificate/view/3208440/baseInfo,philips
ЕАЭС RU С-NL.АД50.В.05189/22,https://pub.fsa.gov.ru/rss/certificate/view/3165237/baseInfo,marshall
ЕАЭС RU С-NL.АД50.В.05353/23,https://pub.fsa.gov.ru/rss/certificate/view/3198425/baseInfo,marshall
ЕАЭС RU С-NL.АД50.В.05462/23,https://pub.fsa.gov.ru/rss/certificate/view/3222198/baseInfo,marshall
ЕАЭС RU С-NL.АД50.В.05822/23,https://pub.fsa.gov.ru/rss/certificate/view/3282457/baseInfo,marshall
ЕАЭС RU С-NL.АД50.В.05854/23,https://pub.fsa.gov.ru/rss/certificate/view/3285596/baseInfo,marshall
ЕАЭС RU С-NL.АД50.В.06520/24,https://pub.fsa.gov.ru/rss/certificate/view/3379960/baseInfo,marshall
ЕАЭС RU С-NL.АД50.В.06695/24,https://pub.fsa.gov.ru/rss/certificate/view/3414111/baseInfo,marshall
ЕАЭС RU С-NL.АД58.В.01284/25,https://pub.fsa.gov.ru/rss/certificate/view/3562795/baseInfo,marshall
ЕАЭС RU С-NL.АД58.В.01366/25,https://pub.fsa.gov.ru/rss/certificate/view/3565709/baseInfo,marshall
ЕАЭС RU С-NL.НА46.В.04524/22,https://pub.fsa.gov.ru/rss/certificate/view/3142384/baseInfo,marshall
ЕАЭС RU С-NL.НА46.В.06721/23,https://pub.fsa.gov.ru/rss/certificate/view/3295523/baseInfo,marshall
ЕАЭС RU С-NL.НА72.В.00669/24,https://pub.fsa.gov.ru/rss/certificate/view/3387223/baseInfo,marshall
ЕАЭС RU С-PL.АД50.В.06038/23,https://pub.fsa.gov.ru/rss/certificate/view/3316986/baseInfo,lemforder
ЕАЭС RU С-PL.НА46.В.04515/22,https://pub.fsa.gov.ru/rss/certificate/view/3142038/baseInfo,filtron
ЕАЭС RU С-PL.НА46.В.06950/23,https://pub.fsa.gov.ru/rss/certificate/view/3310950/baseInfo,zimmermann
ЕАЭС RU С-PL.НА96.В.03875/24,https://pub.fsa.gov.ru/rss/certificate/view/3432933/baseInfo,edex
ЕАЭС RU С-RU.АД07.В.05254/22,https://pub.fsa.gov.ru/rss/certificate/view/3172342/baseInfo,big filter
ЕАЭС RU С-RU.АД50.В.03369/20,https://pub.fsa.gov.ru/rss/certificate/view/2818744/baseInfo,slon
ЕАЭС RU С-RU.АД50.В.06048/23,https://pub.fsa.gov.ru/rss/certificate/view/3318271/baseInfo,airline
ЕАЭС RU С-RU.АД50.В.06294/23,https://pub.fsa.gov.ru/rss/certificate/view/3352576/baseInfo,transmaster
ЕАЭС RU С-RU.АД50.В.07062/24,https://pub.fsa.gov.ru/rss/certificate/view/3502798/applicant,avtopribor
ЕАЭС RU С-RU.АД58.В.01689/25,https://pub.fsa.gov.ru/rss/certificate/view/3578263/baseInfo,avtopribor
ЕАЭС RU С-RU.АД58.В.01865/25,https://pub.fsa.gov.ru/rss/certificate/view/3585372/baseInfo,airline
ЕАЭС RU С-RU.АД58.В.03323/26,https://pub.fsa.gov.ru/rss/certificate/view/3651380/baseInfo,точка опоры
ЕАЭС RU С-RU.АИ13.В.00610/22,https://pub.fsa.gov.ru/rss/certificate/view/3176965/baseInfo,lavr
ЕАЭС RU С-RU.АИ13.В.00611/22,https://pub.fsa.gov.ru/rss/certificate/view/3176432/baseInfo,lavr
ЕАЭС RU С-RU.АИ13.В.00874/24,https://pub.fsa.gov.ru/rss/certificate/view/3541727/baseInfo,lavr
ЕАЭС RU С-RU.АИ24.В.00899/23,https://pub.fsa.gov.ru/rss/certificate/view/3367210/baseInfo,trialli
ЕАЭС RU С-RU.АИ24.В.01232/25,https://tech.eaeunion.org/tech/registers/35-1/ru/registryList/conformityDocs/view/68cd460230dcf80626cef9c9,master kit
ЕАЭС RU С-RU.МТ25.В.07056/24,https://pub.fsa.gov.ru/rss/certificate/view/3493364/baseInfo,uaz
ЕАЭС RU С-RU.НА72.В.00623/23,https://pub.fsa.gov.ru/rss/certificate/view/3363145/baseInfo,trialli
ЕАЭС RU С-RU.НА72.В.00824/24,https://pub.fsa.gov.ru/rss/certificate/view/3418282/baseInfo,avtopribor
ЕАЭС RU С-RU.НА72.В.00828/24,https://pub.fsa.gov.ru/rss/certificate/view/3419131/baseInfo,transmaster
ЕАЭС RU С-RU.НА72.В.01021/24,https://pub.fsa.gov.ru/rss/certificate/view/3455100/baseInfo,trialli
ЕАЭС RU С-RU.НА72.В.01123/24,https://pub.fsa.gov.ru/rss/certificate/view/3471934/baseInfo,trialli
ЕАЭС RU С-RU.НА72.В.01152/24,https://pub.fsa.gov.ru/rss/certificate/view/3479257/baseInfo,avtopribor
ЕАЭС RU С-RU.НА72.В.01243/24,https://pub.fsa.gov.ru/rss/certificate/view/3504736/baseInfo,airline
ЕАЭС RU С-RU.НА90.В.00732/26,https://pub.fsa.gov.ru/rss/certificate/view/3692437/baseInfo,lada
ЕАЭС RU С-RU.НА90.В.00901/26,https://pub.fsa.gov.ru/rss/certificate/view/3698526/baseInfo,luzar
ЕАЭС RU С-RU.НА96.В.02679/22,https://pub.fsa.gov.ru/rss/certificate/view/3183860/baseInfo,fobos
ЕАЭС RU С-RU.НА96.В.03886/24,https://pub.fsa.gov.ru/rss/certificate/view/3436423/baseInfo,
ЕАЭС RU С-RU.НВ07.В.00709/22,https://pub.fsa.gov.ru/rss/certificate/view/3148255/baseInfo,toyota
ЕАЭС RU С-RU.ЧС13.В.00332/21,https://pub.fsa.gov.ru/rss/certificate/view/2985475/baseInfo,airline
ЕАЭС RU С-RU.ЧС13.В.00333/21,https://pub.fsa.gov.ru/rss/certificate/view/2985538/baseInfo,airline
ЕАЭС RU С-SE.АД50.В.05967/23,https://pub.fsa.gov.ru/rss/certificate/view/3305995/baseInfo,lesjofors
ЕАЭС RU С-SE.АД50.В.06732/24,https://pub.fsa.gov.ru/rss/certificate/view/3427580/baseInfo,skf
ЕАЭС RU С-SE.АЯ04.В.00625/22,https://pub.fsa.gov.ru/rss/certificate/view/3032342/baseInfo,volvo
ЕАЭС RU С-SG.АД07.В.05590/23,https://pub.fsa.gov.ru/rss/certificate/view/3221251/baseInfo,
ЕАЭС RU С-SG.АД50.В.05554/23,https://pub.fsa.gov.ru/rss/certificate/view/3235780/baseInfo,
ЕАЭС RU С-TH.НВ07.В.00730/22,https://pub.fsa.gov.ru/rss/certificate/view/3167022/baseInfo,mitsubishi
ЕАЭС RU С-TR.АД07.В.05120/22,https://pub.fsa.gov.ru/rss/certificate/view/3152800/baseInfo,standard springs
ЕАЭС RU С-TR.АД07.В.05336/22,https://pub.fsa.gov.ru/rss/certificate/view/3185760/baseInfo,teknorot
ЕАЭС RU С-TR.АД50.В.06337/23,https://pub.fsa.gov.ru/rss/certificate/view/3357932/baseInfo,mando
ЕАЭС RU С-TR.НА90.В.00461/26,https://pub.fsa.gov.ru/rss/certificate/view/3682046/baseInfo,yenmak
ЕАЭС RU С-TR.НА90.В.00598/26,https://pub.fsa.gov.ru/rss/certificate/view/3688147/baseInfo,gates
ЕАЭС RU С-TW.МХ24.В.00774/24,https://pub.fsa.gov.ru/rss/certificate/view/3445852/baseInfo,
ЕАЭС RU С-TW.МХ24.В.00799/24,https://pub.fsa.gov.ru/rss/certificate/view/3479866/baseInfo,ombra
ЕАЭС RU С-TW.НА72.В.01110/24,https://pub.fsa.gov.ru/rss/certificate/view/3469988/baseInfo,metaco
ЕАЭС № BY/112 11.01. ТР030 028.01 01029,https://tsouz.belgiss.by/#!/tsouz/certifs/3166016/view,greencool
ЕАЭС № BY/112 11.01. ТР030 028.01 01413,https://tsouz.belgiss.by/#!/tsouz/certifs/3303363/view,greencool
ЕАЭС № BY/112 11.01. ТР030 028.01 01845,https://tsouz.belgiss.by/#!/tsouz/certifs/3457847/view,greencool
ЕАЭС № BY/112 11.01. ТР030 028.01 01956,https://tsouz.belgiss.by/#!/tsouz/certifs/3505456/view,samson
РОСС RU Д-BY.РА01.В.31361/25,https://pub.fsa.gov.ru/rds/declaration/view/20609388/manufacturer,airline
РОСС RU Д-CN.РА01.В.17711/25,https://pub.fsa.gov.ru/rds/declaration/view/20238029/common,airline
РОСС RU Д-CN.РА01.В.40448/23,https://pub.fsa.gov.ru/rds/declaration/view/18222672/common,airline
РОСС RU Д-DE.РА01.В.01582/26,https://pub.fsa.gov.ru/rds/declaration/view/21096492/common,liqui moly
РОСС RU Д-DE.РА01.В.20237/26,https://pub.fsa.gov.ru/rds/declaration/view/21542820/common,liqui moly
РОСС RU Д-RU.РА01.В.02933/26,https://pub.fsa.gov.ru/rds/declaration/view/21130817/common,lavr
РОСС RU Д-RU.РА01.В.05132/26,https://pub.fsa.gov.ru/rds/declaration/view/21181313/common,carville racing
РОСС RU Д-RU.РА01.В.07348/26,https://pub.fsa.gov.ru/rds/declaration/view/21230966/common,lavr
РОСС RU Д-RU.РА01.В.10525/25,https://pub.fsa.gov.ru/rds/declaration/view/20058879/common,lavr
РОСС RU Д-RU.РА01.В.11106/26,https://pub.fsa.gov.ru/rds/declaration/view/21315452/common,lavr
РОСС RU Д-RU.РА01.В.12929/25,https://pub.fsa.gov.ru/rds/declaration/view/20123730/product,лукойл
РОСС RU Д-RU.РА01.В.21898/24,https://pub.fsa.gov.ru/rds/declaration/view/18949694/common,lavr
РОСС RU Д-RU.РА01.В.25057/25,https://pub.fsa.gov.ru/rds/declaration/view/20430987/common,lavr
РОСС RU Д-RU.РА01.В.25461/26,https://pub.fsa.gov.ru/rds/declaration/view/21686728/common,lavr
РОСС RU Д-RU.РА01.В.25475/26,https://pub.fsa.gov.ru/rds/declaration/view/21693465/common,lavr
РОСС RU Д-RU.РА01.В.25584/26,https://pub.fsa.gov.ru/rds/declaration/view/21697829/common,lavr
РОСС RU Д-RU.РА01.В.31063/25,https://pub.fsa.gov.ru/rds/declaration/view/20601376/common,lavr
РОСС RU Д-RU.РА01.В.31400/24,https://pub.fsa.gov.ru/rds/declaration/view/19193186/common,lavr
РОСС RU Д-RU.РА01.В.34159/25,https://pub.fsa.gov.ru/rds/declaration/view/20691924/common,lavr
РОСС RU Д-RU.РА01.В.34192/25,https://pub.fsa.gov.ru/rds/declaration/view/20692877/product,lavr
РОСС RU Д-RU.РА01.В.34202/25,https://pub.fsa.gov.ru/rds/declaration/view/20693026/common,lavr
РОСС RU Д-RU.РА01.В.36127/25,https://pub.fsa.gov.ru/rds/declaration/view/20743938/common,carville racing
РОСС RU Д-RU.РА01.В.36141/25,https://pub.fsa.gov.ru/rds/declaration/view/20744290/common,carville racing
РОСС RU Д-RU.РА01.В.37398/23,https://pub.fsa.gov.ru/rds/declaration/view/18140023/common,lavr
РОСС RU Д-RU.РА01.В.37399/23,https://pub.fsa.gov.ru/rds/declaration/view/18140052/common,lavr
РОСС RU Д-RU.РА01.В.37400/23,https://pub.fsa.gov.ru/rds/declaration/view/18140082/common,lavr
РОСС RU Д-RU.РА01.В.42781/25,https://pub.fsa.gov.ru/rds/declaration/view/20926895/common,lavr
РОСС RU Д-RU.РА01.В.42783/25,https://pub.fsa.gov.ru/rds/declaration/view/20926910/common,lavr
РОСС RU Д-RU.РА01.В.47880/23,https://pub.fsa.gov.ru/rds/declaration/view/18404921/common,lavr
РОСС RU.МГ11.Д15891,https://pub.fsa.gov.ru/rds/declaration/view/10520857/common,detail
ТС RU С-KR.МТ25.В.04250,https://pub.fsa.gov.ru/rss/certificate/view/71184/baseInfo,acdelco
ТС RU С-PL.МТ14.В.01612,https://pub.fsa.gov.ru/rss/certificate/view/1156791/baseInfo,filtron
№ ЕАЭС RU С-RU.АД50.В.06060/23,https://pub.fsa.gov.ru/rss/certificate/view/3319542/baseInfo,febest
№ ЕАЭС RU С-RU.НА46.В.07349/23,https://pub.fsa.gov.ru/rss/certificate/view/3341042/baseInfo,febest
